Item name,Variations,Option set 1,Option 1,Option set 2,Option 2,Option set 3,Option 3,Option set 4,Option 4,Is variation visible? (Yes/No),Price,Cost price,Variable price? (Yes/No),Tax rate (%),On sale in Online Store?,Regular price (before sale),Set up different prices and VAT for takeaway,Takeaway price,Takeaway tax rate,Unit,Track inventory? (Yes/No),Quantity,Low stock threshold,SKU,Barcode,Modifiers,Description (Online Store and Invoices only),Category,Display item at Checkout? (Yes/No),Display colour in POS checkout,Image 1,Image 2,Image 3,Image 4,Image 5,Image 6,Image 7,Display item in Online Store? (Yes/No),SEO title (Online Store only),SEO description (Online Store only),Shipping weight [kg] (Online Store only),Display service in Bookings? (Yes/No),Duration [minutes] (Bookings only),Location [business/customer] (Bookings only),Item id (Do not change),Variant id (Do not change)
KoKitchen Signature Curry with Basmati Rice,,,,,,,,,,Yes,9.90,,No,7.00,No,,No,,,each.each,Yes,0,0,,,,"Fruchtige Ananasnoten, saisonales Gemüse, mariniertes Sonnenblumenprotein. Auch erhältlich mit zart mariniertem Hähnchen (halal) anstelle von Sonnenblumenprotein.",0. Lunch,Yes,,,,,,,,,No,KoKitchen Signature Curry with Basmati Rice,,,No,,,,
Golden Vegan Lasagna,,,,,,,,,,Yes,9.90,,No,7.00,No,,No,,,each.each,Yes,0,0,,,,"Vegane Lasagne mit Sonnenblumenprotein, frischem Salat und hausgemachtem Dressing.",0. Lunch,Yes,,,,,,,,,No,Golden Vegan Lasagna,,,No,,,,
Beef Lasagna with Salad,,,,,,,,,,Yes,10.90,,No,7.00,No,,No,,,each.each,Yes,0,0,,,,"Rinderlasagne, serviert mit frischem Salat und hausgemachtem Dressing.",0. Lunch,Yes,,,,,,,,,No,Beef Lasagna with Salad,,,No,,,,
Ginger-Soy Sunflower Bowl,,,,,,,,,,Yes,9.90,,No,7.00,No,,No,,,each.each,Yes,0,0,,,,"Sonnenblumenprotein, Reis und gemischtes Gemüse in cremiger Ingwer-Soja-Sauce.",0. Lunch,Yes,,,,,,,,,No,Ginger-Soy Sunflower Bowl,,,No,,,,
Ginger-Soy Meatball Bowl,,,,,,,,,,Yes,10.90,,No,7.00,No,,No,,,each.each,Yes,0,0,,,,"Fleischbällchen, Reis und gemischtes Gemüse in cremiger Ingwer-Soja-Sauce.",0. Lunch,Yes,,,,,,,,,No,Ginger-Soy Meatball Bowl,,,No,,,,
Vegan Maultaschen with Lentil Salad,,,,,,,,,,Yes,9.90,,No,7.00,No,,No,,,each.each,Yes,0,0,,,,"Vegane Maultaschen, serviert mit Kartoffelsalat und Linsensalat.",0. Lunch,Yes,,,,,,,,,No,Vegan Maultaschen with Lentil Salad,,,No,,,,
Maultaschen with Lentil Salad,,,,,,,,,,Yes,10.90,,No,7.00,No,,No,,,each.each,Yes,0,0,,,,"Maultaschen mit Fleisch, serviert mit Kartoffelsalat und Linsensalat.",0. Lunch,Yes,,,,,,,,,No,Maultaschen with Lentil Salad,,,No,,,,
Tofu & Mushroom Plate,,,,,,,,,,Yes,9.90,,No,7.00,No,,No,,,each.each,Yes,0,0,,,,"Tofu, Kartoffelpüree und Erbsen in cremiger Pilzsauce mit eingelegten Zwiebeln.",0. Lunch,Yes,,,,,,,,,No,Tofu & Mushroom Plate,,,No,,,,
Köttbullar & Mushroom Plate,,,,,,,,,,Yes,10.90,,No,7.00,No,,No,,,each.each,Yes,0,0,,,,"Köttbullar, Kartoffelpüree und Erbsen in cremiger Pilzsauce mit eingelegten Zwiebeln.",0. Lunch,Yes,,,,,,,,,No,Köttbullar & Mushroom Plate,,,No,,,,
